{
	"class_name" : "PinholeCameraParameters",
	"extrinsic" : 
	[
		0.91146830487149622,
		-0.098166607494390767,
		0.39948572738925681,
		0.0,
		-0.023069546559274914,
		-0.98177925182328463,
		-0.18861944945010575,
		0.0,
		0.41072293001028176,
		0.16270469526831047,
		-0.89712532953953295,
		0.0,
		-1.045552628681766,
		0.055109615225999997,
		7.1510749350018452,
		1.0
	],
	"intrinsic" : 
	{
		"height" : 749,
		"intrinsic_matrix" : 
		[
			648.65302743454458,
			0.0,
			0.0,
			0.0,
			648.65302743454458,
			0.0,
			684.5,
			374.0,
			1.0
		],
		"width" : 1370
	},
	"version_major" : 1,
	"version_minor" : 0
}