{
	"class_name" : "PinholeCameraParameters",
	"extrinsic" : 
	[
		0.98697880508011759,
		-0.15870075120931826,
		0.02620896579839296,
		0.0,
		-0.1523183203410759,
		-0.97449841023229455,
		-0.16477857185691366,
		0.0,
		0.05169107864125734,
		0.15864085230585703,
		-0.98598230834461464,
		0.0,
		-0.84871113492875327,
		0.10757061946479052,
		7.5220594813206665,
		1.0
	],
	"intrinsic" : 
	{
		"height" : 749,
		"intrinsic_matrix" : 
		[
			648.65302743454458,
			0.0,
			0.0,
			0.0,
			648.65302743454458,
			0.0,
			684.5,
			374.0,
			1.0
		],
		"width" : 1370
	},
	"version_major" : 1,
	"version_minor" : 0
}