{
	"class_name" : "PinholeCameraParameters",
	"extrinsic" : 
	[
		0.98840547131534073,
		-0.04398375456930706,
		-0.14532740143512632,
		0.0,
		-0.050949059265430821,
		-0.99770677779563,
		-0.044557590830624105,
		0.0,
		-0.14303432327195811,
		0.051445260954228425,
		-0.98837976885986711,
		0.0,
		-0.88811083721217599,
		0.16709228408257426,
		3.2481405293199725,
		1.0
	],
	"intrinsic" : 
	{
		"height" : 749,
		"intrinsic_matrix" : 
		[
			648.65302743454458,
			0.0,
			0.0,
			0.0,
			648.65302743454458,
			0.0,
			684.5,
			374.0,
			1.0
		],
		"width" : 1370
	},
	"version_major" : 1,
	"version_minor" : 0
}