{
	"class_name" : "PinholeCameraParameters",
	"extrinsic" : 
	[
		0.85215869850929837,
		-0.085111311634231177,
		0.51631542412254128,
		0.0,
		0.012626004191334375,
		-0.98305254765401606,
		-0.1828886890135881,
		0.0,
		0.52313108928173957,
		0.16236918791091282,
		-0.83664216379767253,
		0.0,
		-1.0770454010881707,
		0.044530841200922877,
		7.010860677333179,
		1.0
	],
	"intrinsic" : 
	{
		"height" : 749,
		"intrinsic_matrix" : 
		[
			648.65302743454458,
			0.0,
			0.0,
			0.0,
			648.65302743454458,
			0.0,
			684.5,
			374.0,
			1.0
		],
		"width" : 1370
	},
	"version_major" : 1,
	"version_minor" : 0
}