{
	"class_name" : "PinholeCameraParameters",
	"extrinsic" : 
	[
		0.96921278675448519,
		-0.091687762745731996,
		0.22851680059524598,
		0.0,
		-0.047410323835587236,
		-0.98020858938480038,
		-0.19220661406430473,
		0.0,
		0.24161712519068221,
		0.17545505253181565,
		-0.95437764504186084,
		0.0,
		-0.97440444786178171,
		0.040704919437653864,
		7.3341564915651674,
		1.0
	],
	"intrinsic" : 
	{
		"height" : 749,
		"intrinsic_matrix" : 
		[
			648.65302743454458,
			0.0,
			0.0,
			0.0,
			648.65302743454458,
			0.0,
			684.5,
			374.0,
			1.0
		],
		"width" : 1370
	},
	"version_major" : 1,
	"version_minor" : 0
}