{
	"class_name" : "PinholeCameraParameters",
	"extrinsic" : 
	[
		0.99988317131484739,
		0.003581673811739761,
		-0.014859856461958211,
		0.0,
		0.0027781776562779991,
		-0.99855087378303775,
		-0.053744154994214755,
		0.0,
		-0.015030816686855748,
		0.05369659281405402,
		-0.99844416492355148,
		0.0,
		-0.43350433145934947,
		0.20788514135316791,
		3.2112787794603568,
		1.0
	],
	"intrinsic" : 
	{
		"height" : 749,
		"intrinsic_matrix" : 
		[
			648.65302743454458,
			0.0,
			0.0,
			0.0,
			648.65302743454458,
			0.0,
			684.5,
			374.0,
			1.0
		],
		"width" : 1370
	},
	"version_major" : 1,
	"version_minor" : 0
}