{
	"class_name" : "PinholeCameraParameters",
	"extrinsic" : 
	[
		0.99084091980609779,
		-0.011847220739380923,
		-0.13451362383996113,
		0.0,
		-0.02221763189732541,
		-0.99687104525181003,
		-0.075858394205511215,
		0.0,
		-0.13319402565686317,
		0.078152175269253846,
		-0.98800384059476343,
		0.0,
		-0.75479386684612282,
		0.25303544289448315,
		0.46869019008916768,
		1.0
	],
	"intrinsic" : 
	{
		"height" : 705,
		"intrinsic_matrix" : 
		[
			610.54790966802932,
			0.0,
			0.0,
			0.0,
			610.54790966802932,
			0.0,
			682.5,
			352.0,
			1.0
		],
		"width" : 1366
	},
	"version_major" : 1,
	"version_minor" : 0
}