{
	"class_name" : "PinholeCameraParameters",
	"extrinsic" : 
	[
		0.97388453047683754,
		-0.20355642597734205,
		0.10056690678966253,
		0.0,
		-0.19441505967841297,
		-0.97643510459908278,
		-0.093687091303004663,
		0.0,
		0.11726766761622288,
		0.071688687740181667,
		-0.99050947808788892,
		0.0,
		-0.050003437247960969,
		0.30941644659358164,
		1.5339634001345117,
		1.0
	],
	"intrinsic" : 
	{
		"height" : 749,
		"intrinsic_matrix" : 
		[
			648.65302743454458,
			0.0,
			0.0,
			0.0,
			648.65302743454458,
			0.0,
			684.5,
			374.0,
			1.0
		],
		"width" : 1370
	},
	"version_major" : 1,
	"version_minor" : 0
}