{
	"class_name" : "PinholeCameraParameters",
	"extrinsic" : 
	[
		0.76568769521739222,
		-0.14945314716185767,
		0.62560859184964368,
		0.0,
		0.0024619053178220884,
		-0.97194315208261006,
		-0.23520299347994408,
		0.0,
		0.64320781432977325,
		0.18163222710503954,
		-0.74383697250269787,
		0.0,
		-1.0871229486921798,
		0.084026400839337656,
		6.8596024050726294,
		1.0
	],
	"intrinsic" : 
	{
		"height" : 749,
		"intrinsic_matrix" : 
		[
			648.65302743454458,
			0.0,
			0.0,
			0.0,
			648.65302743454458,
			0.0,
			684.5,
			374.0,
			1.0
		],
		"width" : 1370
	},
	"version_major" : 1,
	"version_minor" : 0
}